Previous.National.Ranking,Name,Hometown,Position,Height.Weight,Rating,All Ratings,National.Ranking,Position.Ranking,State.Ranking,player.id,bball.ref.link
1,Shea Patterson," IMG Academy (Bradenton, FL)  ", PRO , 6-1.5 / 192 ,0.9982, 4 1 1 ,4,1,1,shea-patterson,https://www.sports-reference.com/cfb/players/shea-patterson-1.html
2,Jacob Eason," Lake Stevens (Lake Stevens, WA)  ", PRO , 6-5.5 / 208 ,0.9975, 5 2 1 ,5,2,1,jacob-eason,https://www.sports-reference.com/cfb/players/jacob-eason-1.html
9,KJ Costello," Santa Margarita Catholic (Rancho Santa Margarita, CA)  ", PRO , 6-4 / 213 ,0.9749, 47 3 7 ,47,3,7,kj-costello,https://www.sports-reference.com/cfb/players/kj-costello-1.html
4,Malik Henry," Long Beach Poly (Long Beach, CA)  ", PRO , 6-3 / 185 ,0.9747, 49 4 8 ,49,4,8,malik-henry,https://www.sports-reference.com/cfb/players/malik-henry-1.html
6,Feleipe Franks," Wakulla (Crawfordville, FL)  ", PRO , 6-5.5 / 210 ,0.9732, 54 5 9 ,54,5,9,feleipe-franks,https://www.sports-reference.com/cfb/players/feleipe-franks-1.html
3,Brandon Peters," Avon (Avon, IN)  ", PRO , 6-4.5 / 209 ,0.9684, 61 6 1 ,61,6,1,brandon-peters,https://www.sports-reference.com/cfb/players/brandon-peters-1.html
13,Jarrett Guarantano," Bergen Catholic (Oradell, NJ)  ", DUAL , 6-4 / 201 ,0.9628, 79 1 2 ,79,1,2,jarrett-guarantano,https://www.sports-reference.com/cfb/players/jarrett-guarantano-1.html
5,Dwayne Haskins," The Bullis School (Potomac, MD)  ", PRO , 6-3 / 198 ,0.9561, 91 7 3 ,91,7,3,dwayne-haskins,https://www.sports-reference.com/cfb/players/dwayne-haskins-1.html
11,Brandon McIlwain," Council Rock North (Newtown, PA)  ", DUAL , 6-0 / 200 ,0.9273, 175 2 6 ,175,2,6,brandon-mcilwain,https://www.sports-reference.com/cfb/players/brandon-mcilwain-1.html
19,Jack Allison," Palmetto (Palmetto, FL)  ", PRO , 6-5 / 200 ,0.9264, 176 8 28 ,176,8,28,jack-allison,https://www.sports-reference.com/cfb/players/jack-allison-1.html
21,Shane Buechele," Lamar (Arlington, TX)  ", DUAL , 6-2 / 185 ,0.925, 182 3 25 ,182,3,25,shane-buechele,https://www.sports-reference.com/cfb/players/shane-buechele-1.html
27,Austin Kendall," Cuthbertson High School (Waxhaw, NC)  ", PRO , 6-2 / 210 ,0.9239, 190 9 7 ,190,9,7,austin-kendall,https://www.sports-reference.com/cfb/players/austin-kendall-1.html
10,Jalen Hurts," Channelview (Channelview, TX)  ", DUAL , 6-2 / 208 ,0.9231, 192 4 29 ,192,4,29,jalen-hurts,https://www.sports-reference.com/cfb/players/jalen-hurts-1.html
12,Jawon Pass," Carver (Columbus, GA)  ", DUAL , 6-4 / 209 ,0.9209, 204 5 19 ,204,5,19,jawon-pass,https://www.sports-reference.com/cfb/players/jawon-pass-1.html
7,Patrick O'Brien," San Juan Hills (San Juan Capistrano, CA)  ", PRO , 6-4 / 225 ,0.9189, 209 10 29 ,209,10,29,patrick-o'brien,https://www.sports-reference.com/cfb/players/patrick-o'brien-1.html
16,Woody Barrett," West Orange (Orlando, FL)  ", DUAL , 6-2 / 225 ,0.9164, 218 6 31 ,218,6,31,woody-barrett,https://www.sports-reference.com/cfb/players/woody-barrett-1.html
20,Zerrick Cooper," Jonesboro (Jonesboro, GA)  ", DUAL , 6-4 / 206 ,0.912, 235 7 22 ,235,7,22,zerrick-cooper,https://www.sports-reference.com/cfb/players/zerrick-cooper-1.html
15,Messiah deWeaver," Wayne (Dayton, OH)  ", PRO , 6-4 / 215 ,0.9093, 245 11 11 ,245,11,11,messiah-deweaver,https://www.sports-reference.com/cfb/players/messiah-deweaver-1.html
14,Jake Bentley," Opelika (Opelika, AL)  ", PRO , 6-3.5 / 219 ,0.9068, 263 12 6 ,263,12,6,jake-bentley,https://www.sports-reference.com/cfb/players/jake-bentley-1.html
34,Devon Modster," Tesoro (Rancho Santa Margarita, CA)  ", PRO , 6-2 / 215 ,0.8964, 306 13 43 ,306,13,43,devon-modster,https://www.sports-reference.com/cfb/players/devon-modster-1.html
42,Dillon Sterling-Cole," Westfield (Houston, TX)  ", PRO , 6-3 / 200 ,0.8923, 326 14 52 ,326,14,52,dillon-sterling-cole,https://www.sports-reference.com/cfb/players/dillon-sterling-cole-1.html
18,Max Gilliam," Oaks Christian (Thousand Oaks, CA)  ", PRO , 6-3 / 190 ,0.8861, 357 15 47 ,357,15,47,max-gilliam,https://www.sports-reference.com/cfb/players/max-gilliam-1.html
32,Terry Wilson," Del City (Oklahoma City, OK)  ", DUAL , 6-2.5 / 187 ,0.8858, 359 8 2 ,359,8,2,terry-wilson,https://www.sports-reference.com/cfb/players/terry-wilson-1.html
26,Zach Smith," Grandview (Grandview, TX)  ", PRO , 6-3.5 / 223 ,0.8847, 365 16 58 ,365,16,58,zach-smith,https://www.sports-reference.com/cfb/players/zach-smith-1.html
54,Seth Green," Allen (Allen, TX)  ", DUAL , 6-4 / 216 ,0.8813, 389 9 62 ,389,9,62,seth-green,https://www.sports-reference.com/cfb/players/seth-green-1.html
17,Skylar Thompson," Fort Osage (Independence, MO)  ", DUAL , 6-2 / 195 ,0.8783, 416 10 2 ,416,10,2,skylar-thompson,https://www.sports-reference.com/cfb/players/skylar-thompson-1.html
22,Chazz Surratt," East Lincoln (Denver, NC)  ", DUAL , 6-3 / 210 ,0.8777, 419 11 17 ,419,11,17,chazz-surratt,https://www.sports-reference.com/cfb/players/chazz-surratt-1.html
23,Logan Byrd," Veterans (Kathleen, GA)  ", PRO , 6-3 / 229 ,0.8777, 421 17 38 ,421,17,38,logan-byrd,https://www.sports-reference.com/cfb/players/logan-byrd-1.html
51,Josh Jackson," Saline (Saline, MI)  ", DUAL , 6-2 / 200 ,0.8773, 426 12 12 ,426,12,12,josh-jackson,https://www.sports-reference.com/cfb/players/josh-jackson-1.html
8,Thomas MacVittie," Archbishop Moeller (Cincinnati, OH)  ", PRO , 6-4 / 210 ,0.8764, 431 18 15 ,431,18,15,thomas-macvittie,https://www.sports-reference.com/cfb/players/thomas-macvittie-1.html
25,Jake Zembiec," Aquinas Institute (Rochester, NY)  ", PRO , 6-3.5 / 211 ,0.8752, 446 19 1 ,446,19,1,jake-zembiec,https://www.sports-reference.com/cfb/players/jake-zembiec-1.html
47,Matt Fink," Glendora (Rancho Cucamonga, CA)  ", DUAL , 6-3 / 185 ,0.8739, 456 13 54 ,456,13,54,matt-fink,https://www.sports-reference.com/cfb/players/matt-fink-1.html
52,Jett Duffey," Lake Ridge (Mansfield, TX)  ", DUAL , 6-0 / 171 ,0.8726, 468 14 74 ,468,14,74,jett-duffey,https://www.sports-reference.com/cfb/players/jett-duffey-1.html
77,Xavier Gaines," Lake Wales (Lake Wales, FL)  ", DUAL , 6-2 / 200 ,0.8707, 484 15 66 ,484,15,66,xavier-gaines,https://www.sports-reference.com/cfb/players/xavier-gaines-1.html
28,Ian Book," Oak Ridge (El Dorado Hills, CA)  ", PRO , 6-1 / 200 ,0.8681, 517 20 58 ,517,20,58,ian-book,https://www.sports-reference.com/cfb/players/ian-book-1.html
30,Nick Starkel," Liberty Christian (Argyle, TX)  ", PRO , 6-3.5 / 186 ,0.8671, 523 21 80 ,523,21,80,nick-starkel,https://www.sports-reference.com/cfb/players/nick-starkel-1.html
65,Nathan Stanley," Menomonie (Menomonie, WI)  ", PRO , 6-4 / 200 ,0.867, 531 22 3 ,531,22,3,nathan-stanley,https://www.sports-reference.com/cfb/players/nathan-stanley-1.html
31,Tyler Huntley," Hallandale (Hallandale, FL)  ", PRO , 6-2 / 200 ,0.864, 565 23 83 ,565,23,83,tyler-huntley,https://www.sports-reference.com/cfb/players/tyler-huntley-1.html
37,Deuce Wallace," Sevier County (Sevierville, TN)  ", PRO , 6-2 / 200 ,0.864, 568 24 13 ,568,24,13,deuce-wallace,https://www.sports-reference.com/cfb/players/deuce-wallace-1.html
76,Armani Rogers," Hamilton (Los Angeles, CA)  ", DUAL , 6-6 / 200 ,0.8596, 632 16 67 ,632,16,67,armani-rogers,https://www.sports-reference.com/cfb/players/armani-rogers-1.html
29,Jamie Newman," Graham (Graham, NC)  ", DUAL , 6-3 / 219 ,0.8585, 649 17 30 ,649,17,30,jamie-newman,https://www.sports-reference.com/cfb/players/jamie-newman-1.html
36,Anthony Russo," Archbishop Wood (Warminster, PA)  ", PRO , 6-4 / 221 ,0.8584, 655 25 15 ,655,25,15,anthony-russo,https://www.sports-reference.com/cfb/players/anthony-russo-1.html
39,Justin Herbert," Sheldon (Eugene, OR)  ", PRO , 6-5 / 215 ,0.8584, 659 26 5 ,659,26,5,justin-herbert,https://www.sports-reference.com/cfb/players/justin-herbert-1.html
44,Brennen Wooten," Central (San Angelo, TX)  ", PRO , 6-1.5 / 191 ,0.8575, 668 27 98 ,668,27,98,brennen-wooten,https://www.sports-reference.com/cfb/players/brennen-wooten-1.html
63,Bowman Sells," Lovejoy (Allen, TX)  ", PRO , 6-3 / 200 ,0.8574, 676 28 100 ,676,28,100,bowman-sells,https://www.sports-reference.com/cfb/players/bowman-sells-1.html
40,Aidan Smith," Carroll (Fort Wayne, IN)  ", PRO , 6-2 / 175 ,0.8568, 684 29 10 ,684,29,10,aidan-smith,https://www.sports-reference.com/cfb/players/aidan-smith-1.html
60,Matt Lynch," Legacy (Broomfield, CO)  ", PRO , 6-5 / 190 ,0.8565, 690 30 3 ,690,30,3,matt-lynch,https://www.sports-reference.com/cfb/players/matt-lynch-1.html
74,Tylin Oden," Spring Hill (Columbia, TN)  ", PRO , 6-5 / 180 ,0.8564, 692 31 19 ,692,31,19,tylin-oden,https://www.sports-reference.com/cfb/players/tylin-oden-1.html
56,Mason Moran," Chandler (Chandler, AZ)  ", DUAL , 6-3 / 180 ,0.8558, 706 18 6 ,706,18,6,mason-moran,https://www.sports-reference.com/cfb/players/mason-moran-1.html
2,Josh Rosen," St. John Bosco (Bellflower, CA)  ", PRO , 6-4 / 205 ,0.9932, 11 1 3 ,11,1,3,josh-rosen,https://www.sports-reference.com/cfb/players/josh-rosen-1.html
3,Blake Barnett," Santiago (Corona, CA)  ", PRO , 6-4.5 / 200 ,0.9898, 22 2 6 ,22,2,6,blake-barnett,https://www.sports-reference.com/cfb/players/blake-barnett-1.html
4,Kyler Murray," Allen (Allen, TX)  ", DUAL , 5-10 / 180 ,0.9855, 34 1 5 ,34,1,5,kyler-murray,https://www.sports-reference.com/cfb/players/kyler-murray-1.html
1,Jarrett Stidham," Stephenville (Stephenville, TX)  ", DUAL , 6-4 / 195 ,0.983, 38 2 7 ,38,2,7,jarrett-stidham,https://www.sports-reference.com/cfb/players/jarrett-stidham-1.html
5,Brandon Wimbush," St. Peters Prep (Jersey City, NJ)  ", DUAL , 6-2 / 205 ,0.9792, 46 3 2 ,46,3,2,brandon-wimbush,https://www.sports-reference.com/cfb/players/brandon-wimbush-1.html
12,Deondre Francois," IMG Academy (Orlando, FL)  ", PRO , 6-1 / 195 ,0.9678, 66 3 11 ,66,3,11,deondre-francois,https://www.sports-reference.com/cfb/players/deondre-francois-1.html
7,Brady White," Hart (Santa Clarita, CA)  ", PRO , 6-0.5 / 180 ,0.9673, 68 4 10 ,68,4,10,brady-white,https://www.sports-reference.com/cfb/players/brady-white-1.html
11,Jake Browning," Folsom (Folsom, CA)  ", PRO , 6-2 / 185 ,0.9633, 73 5 13 ,73,5,13,jake-browning,https://www.sports-reference.com/cfb/players/jake-browning-1.html
6,Ricky Town," St. Bonaventure (Ventura, CA)  ", PRO , 6-3 / 206 ,0.9623, 79 6 15 ,79,6,15,ricky-town,https://www.sports-reference.com/cfb/players/ricky-town-1.html
10,Drew Lock," Lee's Summit Sr. (Lees Summit, MO)  ", PRO , 6-3.5 / 205 ,0.9553, 98 7 1 ,98,7,1,drew-lock,https://www.sports-reference.com/cfb/players/drew-lock-1.html
8,Travis Jonsen," Servite (Anaheim, CA)  ", DUAL , 6-2 / 189 ,0.9529, 102 4 18 ,102,4,18,travis-jonsen,https://www.sports-reference.com/cfb/players/travis-jonsen-1.html
13,Sam Darnold," San Clemente (San Clemente, CA)  ", DUAL , 6-3.5 / 208 ,0.9339, 148 5 21 ,148,5,21,sam-darnold,https://www.sports-reference.com/cfb/players/sam-darnold-1.html
9,Jauan Jennings," Blackman (Murfreesboro, TN)  ", DUAL , 6-4 / 188 ,0.9289, 164 6 7 ,164,6,7,jauan-jennings,https://www.sports-reference.com/cfb/players/jauan-jennings-1.html
32,Zach Gentry," Eldorado (Albuquerque, NM)  ", PRO , 6-7 / 230 ,0.9248, 174 8 1 ,174,8,1,zach-gentry,https://www.sports-reference.com/cfb/players/zach-gentry-1.html
16,Ty Storey," Charleston (Charleston, AR)  ", PRO , 6-3 / 216 ,0.9088, 237 9 5 ,237,9,5,ty-storey,https://www.sports-reference.com/cfb/players/ty-storey-1.html
17,Sheriron Jones," Rancho Verde (Moreno Valley, CA)  ", DUAL , 6-2.5 / 191 ,0.9075, 247 7 34 ,247,7,34,sheriron-jones,https://www.sports-reference.com/cfb/players/sheriron-jones-1.html
20,Brett Rypien," Shadle Park (Spokane, WA)  ", PRO , 6-2 / 185 ,0.9044, 261 10 5 ,261,10,5,brett-rypien,https://www.sports-reference.com/cfb/players/brett-rypien-1.html
14,Quinten Dormady," Boerne (Boerne, TX)  ", PRO , 6-4 / 200 ,0.9029, 271 11 40 ,271,11,40,quinten-dormady,https://www.sports-reference.com/cfb/players/quinten-dormady-1.html
15,Joe Burrow," Athens (The Plains, OH)  ", DUAL , 6-4 / 200 ,0.9003, 280 8 11 ,280,8,11,joe-burrow,https://www.sports-reference.com/cfb/players/joe-burrow-1.html
24,John Kolar," Norman North (Norman, OK)  ", DUAL , 6-3 / 195 ,0.8999, 286 9 5 ,286,9,5,john-kolar,https://www.sports-reference.com/cfb/players/john-kolar-1.html
22,Dwayne Lawson," Hillsborough (Tampa, FL)  ", PRO , 6-6 / 207 ,0.8993, 292 12 41 ,292,12,41,dwayne-lawson,https://www.sports-reference.com/cfb/players/dwayne-lawson-1.html
23,Kyle Shurmur," La Salle College (Glenside, PA)  ", PRO , 6-4 / 215 ,0.8992, 293 13 8 ,293,13,8,kyle-shurmur,https://www.sports-reference.com/cfb/players/kyle-shurmur-1.html
31,Alex Malzone," Brother Rice (Bloomfield Hills, MI)  ", PRO , 6-1.5 / 200 ,0.8984, 299 14 4 ,299,14,4,alex-malzone,https://www.sports-reference.com/cfb/players/alex-malzone-1.html
26,De'Andre Johnson," First Coast (Jacksonville, FL)  ", DUAL , 6-0 / 175 ,0.8843, 374 10 56 ,374,10,56,de'andre-johnson,https://www.sports-reference.com/cfb/players/de'andre-johnson-1.html
30,Tyler Queen," North Cobb (Kennesaw, GA)  ", PRO , 6-2 / 229 ,0.8832, 381 15 35 ,381,15,35,tyler-queen,https://www.sports-reference.com/cfb/players/tyler-queen-1.html
35,Brian Lewerke," Pinnacle (Phoenix, AZ)  ", PRO , 6-3 / 180 ,0.8819, 390 16 3 ,390,16,3,brian-lewerke,https://www.sports-reference.com/cfb/players/brian-lewerke-1.html
41,Anthony Ratliff-Williams," Butler (Matthews, NC)  ", DUAL , 6-1 / 205 ,0.8791, 405 11 10 ,405,11,10,anthony-ratliff-williams,https://www.sports-reference.com/cfb/players/anthony-ratliff-williams-1.html
18,Lamar Jackson," Boynton Beach Community (Boynton Beach, FL)  ", DUAL , 6-3 / 185 ,0.8788, 409 12 60 ,409,12,60,lamar-jackson,https://www.sports-reference.com/cfb/players/lamar-jackson-1.html
27,Kelly Bryant," Wren (Piedmont, SC)  ", DUAL , 6-4.25 / 205 ,0.8777, 420 13 7 ,420,13,7,kelly-bryant,https://www.sports-reference.com/cfb/players/kelly-bryant-1.html
21,Jason Pellerin," Catholic (New Iberia, LA)  ", DUAL , 6-4 / 215 ,0.8772, 428 14 22 ,428,14,22,jason-pellerin,https://www.sports-reference.com/cfb/players/jason-pellerin-1.html
28,Lorenzo Nunez," Harrison (Kennesaw, GA)  ", DUAL , 6-2.5 / 190 ,0.8761, 439 15 39 ,439,15,39,lorenzo-nunez,https://www.sports-reference.com/cfb/players/lorenzo-nunez-1.html
19,James Morgan," Ashwaubenon (Green Bay, WI)  ", PRO , 6-4 / 205 ,0.8741, 459 17 2 ,459,17,2,james-morgan,https://www.sports-reference.com/cfb/players/james-morgan-1.html
43,David Sills V," Eastern Christian (Elkton, MD)  ", PRO , 6-3 / 180 ,0.8711, 492 18 12 ,492,18,12,david-sills-v,https://www.sports-reference.com/cfb/players/david-sills-v-1.html
33,Chason Virgil," West Mesquite (Mesquite, TX)  ", PRO , 6-2 / 170 ,0.8696, 509 19 69 ,509,19,69,chason-virgil,https://www.sports-reference.com/cfb/players/chason-virgil-1.html
34,Ross Bowers," Bothell (Bothell, WA)  ", PRO , 6-2 / 185 ,0.8696, 510 20 10 ,510,20,10,ross-bowers,https://www.sports-reference.com/cfb/players/ross-bowers-1.html
36,Ross Trail," Wynne (Wynne, AR)  ", PRO , 6-3 / 200 ,0.8696, 512 21 6 ,512,21,6,ross-trail,https://www.sports-reference.com/cfb/players/ross-trail-1.html
59,Kyle Kearns," Foothill (Pleasanton, CA)  ", PRO , 6-3 / 195 ,0.8676, 528 22 65 ,528,22,65,kyle-kearns,https://www.sports-reference.com/cfb/players/kyle-kearns-1.html
29,Austin Kafentzis," Jordan (Sandy, UT)  ", DUAL , 6-1 / 200 ,0.8666, 544 16 7 ,544,16,7,austin-kafentzis,https://www.sports-reference.com/cfb/players/austin-kafentzis-1.html
53,Bryce Perkins," Chandler (Chandler, AZ)  ", DUAL , 6-2 / 200 ,0.8646, 565 17 7 ,565,17,7,bryce-perkins,https://www.sports-reference.com/cfb/players/bryce-perkins-1.html
47,Dion Ray," Helen Cox (Harvey, LA)  ", DUAL , 6-0 / 185 ,0.864, 582 18 31 ,582,18,31,dion-ray,https://www.sports-reference.com/cfb/players/dion-ray-1.html
49,Nick Johns," Gonzaga  (Washington, DC)  ", PRO , 6-3 / 215 ,0.8615, 614 23 7 ,614,23,7,nick-johns,https://www.sports-reference.com/cfb/players/nick-johns-1.html
44,Alex Delton," Hays (Hays, KS)  ", DUAL , 6-0 / 180 ,0.8609, 628 19 3 ,628,19,3,alex-delton,https://www.sports-reference.com/cfb/players/alex-delton-1.html
52,Tyler Hilinski," Upland (Sherman Oaks, CA)  ", PRO , 6-3 / 190 ,0.8608, 630 24 72 ,630,24,72,tyler-hilinski,https://www.sports-reference.com/cfb/players/tyler-hilinski-1.html
45,Eric Dungey," Lakeridge (Lake Oswego, OR)  ", DUAL , 6-4 / 195 ,0.86, 641 20 2 ,641,20,2,eric-dungey,https://www.sports-reference.com/cfb/players/eric-dungey-1.html
56,Tre Moore III," John Burroughs School (Saint Louis, MO)  ", DUAL , 6-3 / 180 ,0.8599, 645 21 8 ,645,21,8,tre-mooreiii,https://www.sports-reference.com/cfb/players/tre-mooreiii-1.html
50,Tommy Stevens," Decatur Central (Indianapolis, IN)  ", DUAL , 6-4 / 200 ,0.8599, 647 22 9 ,647,22,9,tommy-stevens,https://www.sports-reference.com/cfb/players/tommy-stevens-1.html
54,Michael Dare," Memorial (Elmwood Park, NJ)  ", PRO , 6-5 / 225 ,0.8583, 692 25 16 ,692,25,16,michael-dare,https://www.sports-reference.com/cfb/players/michael-dare-1.html
38,Ryan Willis," Bishop Miege (Mission, KS)  ", PRO , 6-4 / 195 ,0.8577, 701 26 4 ,701,26,4,ryan-willis,https://www.sports-reference.com/cfb/players/ryan-willis-1.html
61,Elijah Sindelar," Caldwell County (Princeton, KY)  ", PRO , 6-4 / 200 ,0.8565, 731 27 3 ,731,27,3,elijah-sindelar,https://www.sports-reference.com/cfb/players/elijah-sindelar-1.html
1,Kyle Allen," Desert Mountain (Scottsdale, AZ)  ", PRO , 6-3 / 200 ,0.9956, 8 1 1 ,8,1,1,kyle-allen,https://www.sports-reference.com/cfb/players/kyle-allen-1.html
7,Deshaun Watson," Gainesville (Gainesville, GA)  ", DUAL , 6-3 / 200 ,0.9794, 42 1 4 ,42,1,4,deshaun-watson,https://www.sports-reference.com/cfb/players/deshaun-watson-1.html
4,Will Grier," Davidson Day (Davidson, NC)  ", PRO , 6-2 / 190 ,0.9765, 48 2 2 ,48,2,2,will-grier,https://www.sports-reference.com/cfb/players/will-grier-1.html
2,Keller Chryst," Palo Alto (Palo Alto, CA)  ", PRO , 6-4 / 220 ,0.9753, 51 3 6 ,51,3,6,keller-chryst,https://www.sports-reference.com/cfb/players/keller-chryst-1.html
6,Jerrod Heard," Guyer (Denton, TX)  ", DUAL , 6-2.5 / 190 ,0.9678, 67 2 10 ,67,2,10,jerrod-heard,https://www.sports-reference.com/cfb/players/jerrod-heard-1.html
11,Brandon Harris," Parkway (Bossier City, LA)  ", DUAL , 6-2.5 / 193 ,0.9651, 75 3 7 ,75,3,7,brandon-harris,https://www.sports-reference.com/cfb/players/brandon-harris-1.html
3,David Cornwell," Norman North (Norman, OK)  ", PRO , 6-5 / 241 ,0.9634, 82 4 1 ,82,4,1,david-cornwell,https://www.sports-reference.com/cfb/players/david-cornwell-1.html
12,Drew Barker," Conner (Hebron, KY)  ", PRO , 6-4 / 210 ,0.9454, 116 5 1 ,116,5,1,drew-barker,https://www.sports-reference.com/cfb/players/drew-barker-1.html
9,Jacob Park," Stratford (Goose Creek, SC)  ", PRO , 6-3 / 202 ,0.9448, 119 6 2 ,119,6,2,jacob-park,https://www.sports-reference.com/cfb/players/jacob-park-1.html
10,Brad Kaaya," Chaminade (West Hills, CA)  ", PRO , 6-4 / 215 ,0.9375, 142 7 14 ,142,7,14,brad-kaaya,https://www.sports-reference.com/cfb/players/brad-kaaya-1.html
8,Sean White," University School (Hollywood, FL)  ", PRO , 6-2 / 204 ,0.9349, 150 8 23 ,150,8,23,sean-white,https://www.sports-reference.com/cfb/players/sean-white-1.html
18,Justice Hansen," Santa Fe (Edmond, OK)  ", DUAL , 6-3.5 / 212 ,0.9338, 155 4 4 ,155,4,4,justice-hansen,https://www.sports-reference.com/cfb/players/justice-hansen-1.html
5,Clayton Thorson," Wheaton North (Wheaton, IL)  ", PRO , 6-4 / 205 ,0.9244, 188 9 7 ,188,9,7,clayton-thorson,https://www.sports-reference.com/cfb/players/clayton-thorson-1.html
20,Caleb Henderson," Lake Braddock (Alexandria, VA)  ", PRO , 6-3 / 230 ,0.9196, 202 10 7 ,202,10,7,caleb-henderson,https://www.sports-reference.com/cfb/players/caleb-henderson-1.html
N/A,Foster Sawyer," Grace Preparatory Academy (Fort Worth, TX)  ", PRO , 6-5 / 205 ,0.9149, 218 11 26 ,218,11,26,foster-sawyer,https://www.sports-reference.com/cfb/players/foster-sawyer-1.html
1,Davis Mills," Greater Atlanta Christian School (Norcross, GA)  ", PRO , 6-3 / 192 ,0.9918, 15 1 1 ,15,1,1,davis-mills,https://www.sports-reference.com/cfb/players/davis-mills-1.html
4,Hunter Johnson," Brownsburg (Brownsburg, IN)  ", PRO , 6-2 / 201 ,0.9854, 30 2 1 ,30,2,1,hunter-johnson,https://www.sports-reference.com/cfb/players/hunter-johnson-1.html
2,Tua Tagovailoa," St. Louis (Honolulu, HI)  ", DUAL , 6-1 / 212 ,0.9843, 32 1 1 ,32,1,1,tua-tagovailoa,https://www.sports-reference.com/cfb/players/tua-tagovailoa-1.html
3,Jake Fromm," Houston County (Warner Robins, GA)  ", PRO , 6-1.25 / 229 ,0.9794, 44 3 4 ,44,3,4,jake-fromm,https://www.sports-reference.com/cfb/players/jake-fromm-1.html
5,Tate Martell," Bishop Gorman (Las Vegas, NV)  ", DUAL , 5-10.5 / 203 ,0.9739, 56 2 2 ,56,2,2,tate-martell,https://www.sports-reference.com/cfb/players/tate-martell-1.html
8,Jack Sears," San Clemente (San Clemente, CA)  ", PRO , 6-3 / 200 ,0.9516, 105 4 13 ,105,4,13,jack-sears,https://www.sports-reference.com/cfb/players/jack-sears-1.html
14,Kellen Mond," IMG Academy (San Antonio, TX)  ", DUAL , 6-2.5 / 201 ,0.9498, 108 3 20 ,108,3,20,kellen-mond,https://www.sports-reference.com/cfb/players/kellen-mond-1.html
10,Sam Ehlinger," Westlake (Austin, TX)  ", DUAL , 6-1.5 / 215 ,0.9446, 119 4 19 ,119,4,19,sam-ehlinger,https://www.sports-reference.com/cfb/players/sam-ehlinger-1.html
9,Dylan McCaffrey," Valor Christian (Littleton, CO)  ", PRO , 6-5 / 196 ,0.9435, 123 5 2 ,123,5,2,dylan-mccaffrey,https://www.sports-reference.com/cfb/players/dylan-mccaffrey-1.html
6,Myles Brennan," St Stanislaus (Bay Saint Louis, MS)  ", PRO , 6-3 / 180 ,0.9347, 152 6 4 ,152,6,4,myles-brennan,https://www.sports-reference.com/cfb/players/myles-brennan-1.html
17,Chris Robison," Horn (Mesquite, TX)  ", PRO , 6-2 / 192 ,0.9272, 172 7 30 ,172,7,30,chris-robison,https://www.sports-reference.com/cfb/players/chris-robison-1.html
7,Keytaon Thompson," Landry-Walker (New Orleans, LA)  ", DUAL , 6-4 / 225 ,0.9258, 176 5 7 ,176,5,7,keytaon-thompson,https://www.sports-reference.com/cfb/players/keytaon-thompson-1.html
20,Sean Clifford," St. Xavier (Cincinnati, OH)  ", PRO , 6-2 / 210 ,0.9223, 196 8 7 ,196,8,7,sean-clifford,https://www.sports-reference.com/cfb/players/sean-clifford-1.html
13,Shawn Robinson," DeSoto (DeSoto, TX)  ", DUAL , 6-2 / 215 ,0.9222, 198 6 32 ,198,6,32,shawn-robinson,https://www.sports-reference.com/cfb/players/shawn-robinson-1.html
18,N'Kosi Perry," Vanguard (Ocala, FL)  ", DUAL , 6-3.5 / 176 ,0.9218, 199 7 30 ,199,7,30,n'kosi-perry,https://www.sports-reference.com/cfb/players/n'kosi-perry-1.html
27,Tristan Gebbia," Calabasas (Calabasas, CA)  ", PRO , 6-3 / 180 ,0.9217, 200 9 22 ,200,9,22,tristan-gebbia,https://www.sports-reference.com/cfb/players/tristan-gebbia-1.html
21,Kasim Hill," St. John's College HS (Washington, DC)  ", PRO , 6-3 / 215 ,0.911, 233 10 2 ,233,10,2,kasim-hill,https://www.sports-reference.com/cfb/players/kasim-hill-1.html
23,Avery Davis," Cedar Hill (Cedar Hill, TX)  ", DUAL , 5-11 / 192 ,0.9078, 246 8 40 ,246,8,40,avery-davis,https://www.sports-reference.com/cfb/players/avery-davis-1.html
25,Lowell Narcisse," St. James (Saint James, LA)  ", DUAL , 6-2.5 / 224 ,0.9041, 261 9 10 ,261,9,10,lowell-narcisse,https://www.sports-reference.com/cfb/players/lowell-narcisse-1.html
33,Bailey Hockman," McEachern (Powder Springs, GA)  ", PRO , 6-2 / 192 ,0.8992, 280 11 28 ,280,11,28,bailey-hockman,https://www.sports-reference.com/cfb/players/bailey-hockman-1.html
35,Braxton Burmeister," La Jolla Country Day (La Jolla, CA)  ", DUAL , 6-0.5 / 196 ,0.8941, 305 10 32 ,305,10,32,braxton-burmeister,https://www.sports-reference.com/cfb/players/braxton-burmeister-1.html
22,Chase Garbers," Corona Del Mar (Newport Beach, CA)  ", PRO , 6-3 / 205 ,0.8926, 315 12 34 ,315,12,34,chase-garbers,https://www.sports-reference.com/cfb/players/chase-garbers-1.html
15,Tommy Devito," Don Bosco Prep (Ramsey, NJ)  ", PRO , 6-2 / 193 ,0.8915, 327 13 7 ,327,13,7,tommy-devito,https://www.sports-reference.com/cfb/players/tommy-devito-1.html
12,Hendon Hooker," Dudley (Greensboro, NC)  ", DUAL , 6-4 / 204 ,0.8903, 337 11 7 ,337,11,7,hendon-hooker,https://www.sports-reference.com/cfb/players/hendon-hooker-1.html
45,Ryan Kelley," Basha (Chandler, AZ)  ", PRO , 6-3 / 188 ,0.8868, 359 14 4 ,359,14,4,ryan-kelley,https://www.sports-reference.com/cfb/players/ryan-kelley-1.html
34,Danny Clark," Archbishop Hoban (Massillon, OH)  ", PRO , 6-4 / 223 ,0.8838, 382 15 18 ,382,15,18,danny-clark,https://www.sports-reference.com/cfb/players/danny-clark-1.html
11,James Blackman," Glades Central (Belle Glade, FL)  ", PRO , 6-5 / 163 ,0.8823, 389 16 49 ,389,16,49,james-blackman,https://www.sports-reference.com/cfb/players/james-blackman-1.html
26,Chase Brice," Grayson (Loganville, GA)  ", PRO , 6-2 / 207 ,0.8818, 393 17 40 ,393,17,40,chase-brice,https://www.sports-reference.com/cfb/players/chase-brice-1.html
29,Mac Jones," The Bolles School (Jacksonville, FL)  ", PRO , 6-2 / 180 ,0.8815, 399 18 52 ,399,18,52,mac-jones,https://www.sports-reference.com/cfb/players/mac-jones-1.html
31,Daulton Hyatt," Etowah (Attalla, AL)  ", PRO , 6-4 / 182 ,0.8774, 431 19 21 ,431,19,21,daulton-hyatt,https://www.sports-reference.com/cfb/players/daulton-hyatt-1.html
28,Jack Coan," Sayville (West Sayville, NY)  ", PRO , 6-3 / 190 ,0.8714, 469 20 2 ,469,20,2,jack-coan,https://www.sports-reference.com/cfb/players/jack-coan-1.html
127,Connor Neville," Wilsonville (Wilsonville, OR)  ", PRO , 6-1.5 / 187 ,0.87, 483 21 5 ,483,21,5,connor-neville,https://www.sports-reference.com/cfb/players/connor-neville-1.html
N/A,Judd Erickson," Mountain Vista (Littleton, CO)  ", PRO , 6-4 / 204 ,0.8688, 499 22 4 ,499,22,4,judd-erickson,https://www.sports-reference.com/cfb/players/judd-erickson-1.html
46,Jake Allen," St. Thomas Aquinas (Fort Lauderdale, FL)  ", PRO , 6-3 / 200 ,0.8646, 555 23 74 ,555,23,74,jake-allen,https://www.sports-reference.com/cfb/players/jake-allen-1.html
16,Xavier Martin," Steele (Cibolo, TX)  ", DUAL , 6-0 / 180 ,0.8644, 559 12 75 ,559,12,75,xavier-martin,https://www.sports-reference.com/cfb/players/xavier-martin-1.html
24,Rocky Lombardi," Valley (West Des Moines, IA)  ", DUAL , 6-3.5 / 215 ,0.8641, 563 13 5 ,563,13,5,rocky-lombardi,https://www.sports-reference.com/cfb/players/rocky-lombardi-1.html
36,Jacob Free," Brantley (Brantley, AL)  ", PRO , 6-5 / 200 ,0.8609, 610 24 31 ,610,24,31,jacob-free,https://www.sports-reference.com/cfb/players/jacob-free-1.html
40,Jake Haener," Monte Vista (Danville, CA)  ", PRO , 6-0.5 / 188 ,0.8599, 624 25 62 ,624,25,62,jake-haener,https://www.sports-reference.com/cfb/players/jake-haener-1.html
52,Tyler Lytle," Servite (Anaheim, CA)  ", PRO , 6-4.5 / 199 ,0.8597, 629 26 63 ,629,26,63,tyler-lytle,https://www.sports-reference.com/cfb/players/tyler-lytle-1.html
64,Cade Weldon," Jefferson (Tampa, FL)  ", PRO , 6-2.5 / 203 ,0.858, 663 27 86 ,663,27,86,cade-weldon,https://www.sports-reference.com/cfb/players/cade-weldon-1.html
67,Peyton Mansell," Belton (Belton, TX)  ", DUAL , 6-2 / 189 ,0.858, 664 14 93 ,664,14,93,peyton-mansell,https://www.sports-reference.com/cfb/players/peyton-mansell-1.html
32,Nick Sipe," Villa Park (Villa Park, CA)  ", PRO , 6-4 / 191 ,0.8569, 684 28 69 ,684,28,69,nick-sipe,https://www.sports-reference.com/cfb/players/nick-sipe-1.html
55,Jay Urich," Wren (Piedmont, SC)  ", DUAL , 6-4 / 196 ,0.8564, 695 15 9 ,695,15,9,jay-urich,https://www.sports-reference.com/cfb/players/jay-urich-1.html
37,Matt McKay," Wakefield (Raleigh, NC)  ", PRO , 6-4 / 185 ,0.856, 699 29 25 ,699,29,25,matt-mckay,https://www.sports-reference.com/cfb/players/matt-mckay-1.html
41,Lindell Stone," Woodberry Forest (Woodberry Forest, VA)  ", PRO , 6-2 / 205 ,0.8559, 701 30 19 ,701,30,19,lindell-stone,https://www.sports-reference.com/cfb/players/lindell-stone-1.html
47,Jelani Woods," Cedar Grove (Ellenwood, GA)  ", PRO , 6-7 / 230 ,0.8559, 705 31 70 ,705,31,70,jelani-woods,https://www.sports-reference.com/cfb/players/jelani-woods-1.html
53,Johnathan Lewis," St. Peters Prep (Jersey City, NJ)  ", DUAL , 6-3 / 225 ,0.8558, 713 16 19 ,713,16,19,johnathan-lewis,https://www.sports-reference.com/cfb/players/johnathan-lewis-1.html
54,Chase Cord," Sunrise Mountain (Peoria, AZ)  ", PRO , 6-3 / 195 ,0.855, 720 32 11 ,720,32,11,chase-cord,https://www.sports-reference.com/cfb/players/chase-cord-1.html
19,Kenny Pickett," Ocean Township (Oakhurst, NJ)  ", PRO , 6-3 / 200 ,0.8538, 738 33 21 ,738,33,21,kenny-pickett,https://www.sports-reference.com/cfb/players/kenny-pickett-1.html
1,Trevor Lawrence," Cartersville (Cartersville, GA)  ", PRO , 6-6 / 208 ,0.9999, 1 1 1 ,1,1,1,trevor-lawrence,https://www.sports-reference.com/cfb/players/trevor-lawrence-1.html
2,Justin Fields," Harrison (Kennesaw, GA)  ", DUAL , 6-3 / 221 ,0.9998, 2 1 2 ,2,1,2,justin-fields,https://www.sports-reference.com/cfb/players/justin-fields-1.html
3,JT Daniels," Mater Dei (Santa Ana, CA)  ", PRO , 6-2 / 205 ,0.9919, 16 2 2 ,16,2,2,jt-daniels,https://www.sports-reference.com/cfb/players/jt-daniels-1.html
6,Dorian Thompson-Robinson," Bishop Gorman (Las Vegas, NV)  ", DUAL , 6-1.5 / 195 ,0.9813, 36 2 3 ,36,2,3,dorian-thompson-robinson,https://www.sports-reference.com/cfb/players/dorian-thompson-robinson-1.html
5,Justin Rogers," Parkway (Bossier City, LA)  ", DUAL , 6-4 / 210 ,0.9772, 43 3 3 ,43,3,3,justin-rogers,https://www.sports-reference.com/cfb/players/justin-rogers-1.html
4,Tanner McKee," Centennial (Corona, CA)  ", PRO , 6-6 / 220 ,0.9764, 46 3 7 ,46,3,7,tanner-mckee,https://www.sports-reference.com/cfb/players/tanner-mckee-1.html
8,Matt Corral," Long Beach Poly (Long Beach, CA)  ", PRO , 6-2 / 202 ,0.969, 63 4 9 ,63,4,9,matt-corral,https://www.sports-reference.com/cfb/players/matt-corral-1.html
7,Jarren Williams," Central Gwinnett (Lawrenceville, GA)  ", PRO , 6-2 / 206 ,0.9614, 77 5 10 ,77,5,10,jarren-williams,https://www.sports-reference.com/cfb/players/jarren-williams-1.html
12,Phil Jurkovec," Pine-Richland (Gibsonia, PA)  ", DUAL , 6-5 / 215 ,0.9593, 83 4 2 ,83,4,2,phil-jurkovec,https://www.sports-reference.com/cfb/players/phil-jurkovec-1.html
16,Emory Jones," Heard County (Franklin, GA)  ", DUAL , 6-2.5 / 195 ,0.9587, 85 5 11 ,85,5,11,emory-jones,https://www.sports-reference.com/cfb/players/emory-jones-1.html
13,Colson Yankoff," Coeur d'Alene (Coeur D Alene, ID)  ", DUAL , 6-4 / 204 ,0.9564, 91 6 2 ,91,6,2,colson-yankoff,https://www.sports-reference.com/cfb/players/colson-yankoff-1.html
15,Jacob Sirmon," Bothell (Bothell, WA)  ", PRO , 6-4 / 227 ,0.9559, 94 6 1 ,94,6,1,jacob-sirmon,https://www.sports-reference.com/cfb/players/jacob-sirmon-1.html
19,Adrian Martinez," Clovis West (Fresno, CA)  ", DUAL , 6-2 / 205 ,0.9423, 139 7 21 ,139,7,21,adrian-martinez,https://www.sports-reference.com/cfb/players/adrian-martinez-1.html
10,Tyler Shough," Hamilton (Chandler, AZ)  ", PRO , 6-4.5 / 187 ,0.9422, 140 7 1 ,140,7,1,tyler-shough,https://www.sports-reference.com/cfb/players/tyler-shough-1.html
11,Jack Tuttle," Mission Hills (San Marcos, CA)  ", PRO , 6-4 / 195 ,0.9321, 167 8 25 ,167,8,25,jack-tuttle,https://www.sports-reference.com/cfb/players/jack-tuttle-1.html
14,Spencer Sanders," Ryan (Denton, TX)  ", DUAL , 6-2 / 190 ,0.9311, 171 8 17 ,171,8,17,spencer-sanders,https://www.sports-reference.com/cfb/players/spencer-sanders-1.html
34,Joe Milton," Olympia (Orlando, FL)  ", PRO , 6-5.5 / 230 ,0.9202, 204 9 35 ,204,9,35,joe-milton,https://www.sports-reference.com/cfb/players/joe-milton-1.html
20,Dakereon Joyner," Fort Dorchester (North Charleston, SC)  ", DUAL , 6-2 / 206 ,0.9199, 206 9 4 ,206,9,4,dakereon-joyner,https://www.sports-reference.com/cfb/players/dakereon-joyner-1.html
18,Gerry Bohanon," Earle (Earle, AR)  ", DUAL , 6-3 / 218 ,0.9117, 234 10 1 ,234,10,1,gerry-bohanon,https://www.sports-reference.com/cfb/players/gerry-bohanon-1.html
29,Jack West," Saraland (Saraland, AL)  ", PRO , 6-4 / 217 ,0.9115, 235 10 7 ,235,10,7,jack-west,https://www.sports-reference.com/cfb/players/jack-west-1.html
54,Cameron Rising," Newbury Park (Newbury Park, CA)  ", PRO , 6-2 / 209 ,0.9096, 247 11 33 ,247,11,33,cameron-rising,https://www.sports-reference.com/cfb/players/cameron-rising-1.html
22,Tanner Mordecai," Midway (Waco, TX)  ", DUAL , 6-2.5 / 213 ,0.9092, 249 11 33 ,249,11,33,tanner-mordecai,https://www.sports-reference.com/cfb/players/tanner-mordecai-1.html
32,James Foster," Lanier (Montgomery, AL)  ", DUAL , 6-3 / 210 ,0.9055, 271 12 10 ,271,12,10,james-foster,https://www.sports-reference.com/cfb/players/james-foster-1.html
26,Quincy Patterson," Solorio Academy (Chicago, IL)  ", DUAL , 6-4 / 232 ,0.9048, 275 13 2 ,275,13,2,quincy-patterson,https://www.sports-reference.com/cfb/players/quincy-patterson-1.html
35,Casey Thompson," Newcastle (Newcastle, OK)  ", DUAL , 6-1 / 184 ,0.9021, 291 14 6 ,291,14,6,casey-thompson,https://www.sports-reference.com/cfb/players/casey-thompson-1.html
21,Matthew Baldwin," Lake Travis (Austin, TX)  ", PRO , 6-2.5 / 195 ,0.8958, 331 12 43 ,331,12,43,matthew-baldwin,https://www.sports-reference.com/cfb/players/matthew-baldwin-1.html
40,Jace Ruder," Norton (Norton, KS)  ", DUAL , 6-3 / 205 ,0.8957, 336 15 1 ,336,15,1,jace-ruder,https://www.sports-reference.com/cfb/players/jace-ruder-1.html
55,Brevin White," Paraclete (Lancaster, CA)  ", PRO , 6-2 / 185 ,0.8946, 340 13 43 ,340,13,43,brevin-white,https://www.sports-reference.com/cfb/players/brevin-white-1.html
30,Connor Noland," Greenwood (Greenwood, AR)  ", PRO , 6-3 / 205 ,0.8946, 341 14 2 ,341,14,2,connor-noland,https://www.sports-reference.com/cfb/players/connor-noland-1.html
45,Jalen Mayden," Sachse (Sachse, TX)  ", DUAL , 6-2 / 215 ,0.8917, 361 16 49 ,361,16,49,jalen-mayden,https://www.sports-reference.com/cfb/players/jalen-mayden-1.html
24,Cammon Cooper," Lehi (Lehi, UT)  ", PRO , 6-4 / 202 ,0.8917, 363 15 5 ,363,15,5,cammon-cooper,https://www.sports-reference.com/cfb/players/cammon-cooper-1.html
36,Devin Leary," Timber Creek (Sicklerville, NJ)  ", PRO , 6-1.5 / 189 ,0.8905, 372 16 8 ,372,16,8,devin-leary,https://www.sports-reference.com/cfb/players/devin-leary-1.html
17,Theo Day," Divine Child (Dearborn, MI)  ", PRO , 6-5 / 197 ,0.8898, 377 17 7 ,377,17,7,theo-day,https://www.sports-reference.com/cfb/players/theo-day-1.html
33,Artur Sitkowski," IMG Academy (Old Bridge, NJ)  ", PRO , 6-5 / 215 ,0.8881, 395 18 70 ,395,18,70,artur-sitkowski,https://www.sports-reference.com/cfb/players/artur-sitkowski-1.html
44,Spencer Petras," Marin  Catholic (Greenbrae, CA)  ", PRO , 6-5 / 207 ,0.8858, 421 19 50 ,421,19,50,spencer-petras,https://www.sports-reference.com/cfb/players/spencer-petras-1.html
48,Allan Walters," The Peddie School (Hightstown, NJ)  ", PRO , 6-1 / 200 ,0.8784, 506 20 10 ,506,20,10,allan-walters,https://www.sports-reference.com/cfb/players/allan-walters-1.html
41,Holton Ahlers," D H Conley (Greenville, NC)  ", DUAL , 6-3.5 / 235 ,0.8755, 543 17 19 ,543,17,19,holton-ahlers,https://www.sports-reference.com/cfb/players/holton-ahlers-1.html
66,Michael Penix," Tampa Bay Tech (Tampa, FL)  ", PRO , 6-2 / 195 ,0.8749, 548 21 86 ,548,21,86,michael-penix,https://www.sports-reference.com/cfb/players/michael-penix-1.html
38,Jack Plummer," Gilbert (Gilbert, AZ)  ", PRO , 6-5 / 212 ,0.8743, 556 22 5 ,556,22,5,jack-plummer,https://www.sports-reference.com/cfb/players/jack-plummer-1.html
39,Gunnar Holmberg," Heritage (Wake Forest, NC)  ", PRO , 6-3 / 180 ,0.8743, 557 23 20 ,557,23,20,gunnar-holmberg,https://www.sports-reference.com/cfb/players/gunnar-holmberg-1.html
42,Kevin Doyle," St. John's College HS (Washington, DC)  ", PRO , 6-4 / 210 ,0.8743, 559 24 6 ,559,24,6,kevin-doyle,https://www.sports-reference.com/cfb/players/kevin-doyle-1.html
37,Jamarye Joiner," Cienega (Tucson, AZ)  ", DUAL , 6-3 / 205 ,0.8734, 584 18 6 ,584,18,6,jamarye-joiner,https://www.sports-reference.com/cfb/players/jamarye-joiner-1.html
106,Trey Lowe III," Central (Bolivar, TN)  ", DUAL , 6-3 / 185 ,0.8719, 610 19 19 ,610,19,19,trey-loweiii,https://www.sports-reference.com/cfb/players/trey-loweiii-1.html
62,Carter Bradley," Providence (Jacksonville, FL)  ", PRO , 6-3 / 208 ,0.8718, 611 25 95 ,611,25,95,carter-bradley,https://www.sports-reference.com/cfb/players/carter-bradley-1.html
46,Brennan Armstrong," Shelby (Shelby, OH)  ", DUAL , 6-1.5 / 210 ,0.871, 619 20 27 ,619,20,27,brennan-armstrong,https://www.sports-reference.com/cfb/players/brennan-armstrong-1.html
64,JT Shrout," William S. Hart Senior (Newhall, CA)  ", PRO , 6-3 / 190 ,0.8696, 641 26 67 ,641,26,67,jt-shrout,https://www.sports-reference.com/cfb/players/jt-shrout-1.html
72,Kaleb Eleby," Pattonville Sr. (Maryland Heights, MO)  ", PRO , 6-2 / 205 ,0.8696, 644 27 10 ,644,27,10,kaleb-eleby,https://www.sports-reference.com/cfb/players/kaleb-eleby-1.html
49,Will Levis," Xavier (Middletown, CT)  ", PRO , 6-4 / 222 ,0.8689, 652 28 2 ,652,28,2,will-levis,https://www.sports-reference.com/cfb/players/will-levis-1.html
51,Tyler DeSue," Bishop Sullivan Catholic (Virginia Beach, VA)  ", DUAL , 6-1 / 185 ,0.8676, 672 21 15 ,672,21,15,tyler-desue,https://www.sports-reference.com/cfb/players/tyler-desue-1.html
2,Max Browne," Skyline (Sammamish, WA)  ", PRO , 6-5 / 210 ,0.9942, 11 1 1 ,11,1,1,max-browne,https://www.sports-reference.com/cfb/players/max-browne-1.html
1,Christian Hackenberg," Fork Union Military (HS) (Fork Union, VA)  ", PRO , 6-4 / 210 ,0.9927, 13 2 1 ,13,2,1,christian-hackenberg,https://www.sports-reference.com/cfb/players/christian-hackenberg-1.html
5,Shane Morris," De La Salle Collegiate (Warren, MI)  ", PRO , 6-3 / 201 ,0.9695, 71 3 1 ,71,3,1,shane-morris,https://www.sports-reference.com/cfb/players/shane-morris-1.html
6,Cooper Bateman," Cottonwood (Salt Lake City, UT)  ", PRO , 6-3 / 195 ,0.9631, 81 4 1 ,81,4,1,cooper-bateman,https://www.sports-reference.com/cfb/players/cooper-bateman-1.html
8,Kevin Olsen," Wayne Hills (Wayne, NJ)  ", PRO , 6-3 / 195 ,0.9582, 93 5 3 ,93,5,3,kevin-olsen,https://www.sports-reference.com/cfb/players/kevin-olsen-1.html
13,Troy Williams," Narbonne (Harbor City, CA)  ", PRO , 6-1 / 190 ,0.9541, 101 6 11 ,101,6,11,troy-williams,https://www.sports-reference.com/cfb/players/troy-williams-1.html
3,Brice Ramsey," Camden County (Kingsland, GA)  ", PRO , 6-3 / 197 ,0.9537, 102 7 10 ,102,7,10,brice-ramsey,https://www.sports-reference.com/cfb/players/brice-ramsey-1.html
7,Cody Thomas," Colleyville Heritage (Colleyville, TX)  ", PRO , 6-5 / 210 ,0.9529, 104 8 13 ,104,8,13,cody-thomas,https://www.sports-reference.com/cfb/players/cody-thomas-1.html
9,Asiantii Woulard," Winter Park (Winter Park, FL)  ", DUAL , 6-4 / 200 ,0.9393, 129 1 22 ,129,1,22,asiantii-woulard,https://www.sports-reference.com/cfb/players/asiantii-woulard-1.html
10,J.T. Barrett," Rider (Wichita Falls, TX)  ", DUAL , 6-2 / 205 ,0.938, 135 2 17 ,135,2,17,jt-barrett,https://www.sports-reference.com/cfb/players/jt-barrett-1.html
17,Hayden Rettig," Cathedral (Los Angeles, CA)  ", PRO , 6-3 / 190 ,0.9348, 143 9 18 ,143,9,18,hayden-rettig,https://www.sports-reference.com/cfb/players/hayden-rettig-1.html
11,Joshua Dobbs," Alpharetta (Alpharetta, GA)  ", PRO , 6-3 / 190 ,0.9305, 158 10 14 ,158,10,14,joshua-dobbs,https://www.sports-reference.com/cfb/players/joshua-dobbs-1.html
25,Malik Zaire," Archbishop Alter (Dayton, OH)  ", DUAL , 6-1 / 185 ,0.93, 162 3 9 ,162,3,9,malik-zaire,https://www.sports-reference.com/cfb/players/malik-zaire-1.html
21,Jeremy Johnson," Carver  (Montgomery, AL)  ", PRO , 6-5 / 215 ,0.9295, 164 11 7 ,164,11,7,jeremy-johnson,https://www.sports-reference.com/cfb/players/jeremy-johnson-1.html
16,Kohl Stewart," St Pius X (Houston, TX)  ", PRO , 6-3 / 190 ,0.9284, 170 12 22 ,170,12,22,kohl-stewart,https://www.sports-reference.com/cfb/players/kohl-stewart-1.html
14,Ryan Burns," Stone Bridge (Ashburn, VA)  ", PRO , 6-5 / 225 ,0.9283, 171 13 8 ,171,13,8,ryan-burns,https://www.sports-reference.com/cfb/players/ryan-burns-1.html
15,Aaron Bailey," Bolingbrook (Bolingbrook, IL)  ", DUAL , 6-2 / 225 ,0.9277, 173 4 6 ,173,4,6,aaron-bailey,https://www.sports-reference.com/cfb/players/aaron-bailey-1.html
18,Damion Terry," Cathedral Prep (Erie, PA)  ", DUAL , 6-4 / 218 ,0.919, 201 5 9 ,201,5,9,damion-terry,https://www.sports-reference.com/cfb/players/damion-terry-1.html
4,Mitch Trubisky," Mentor (Mentor, OH)  ", DUAL , 6-3 / 195 ,0.9172, 206 6 11 ,206,6,11,mitch-trubisky,https://www.sports-reference.com/cfb/players/mitch-trubisky-1.html
27,Anthony Jennings," Marietta (Marietta, GA)  ", PRO , 6-2 / 200 ,0.9171, 207 14 18 ,207,14,18,anthony-jennings,https://www.sports-reference.com/cfb/players/anthony-jennings-1.html
23,Jared Goff," Marin  Catholic (Greenbrae, CA)  ", PRO , 6-4 / 185 ,0.9154, 213 15 25 ,213,15,25,jared-goff,https://www.sports-reference.com/cfb/players/jared-goff-1.html
19,Matt Alviti," Maine South (Park Ridge, IL)  ", DUAL , 6-1 / 180 ,0.914, 219 7 8 ,219,7,8,matt-alviti,https://www.sports-reference.com/cfb/players/matt-alviti-1.html
32,Cord Sandberg," Manatee (Bradenton, FL)  ", DUAL , 6-2 / 200 ,0.9112, 232 8 33 ,232,8,33,cord-sandberg,https://www.sports-reference.com/cfb/players/cord-sandberg-1.html
22,Kenny Hill," Southlake Carroll (Southlake, TX)  ", DUAL , 6-2 / 210 ,0.909, 241 9 34 ,241,9,34,kenny-hill,https://www.sports-reference.com/cfb/players/kenny-hill-1.html
12,Bucky Hodges," Salem (Virginia Beach, VA)  ", DUAL , 6-6 / 225 ,0.9049, 257 10 13 ,257,10,13,bucky-hodges,https://www.sports-reference.com/cfb/players/bucky-hodges-1.html
12,Bucky Hodges," Salem (Virginia Beach, VA)  ", DUAL , 6-6 / 225 ,0.9049, 257 10 13 ,257,10,13,bucky-hodges,https://www.sports-reference.com/cfb/players/bucky-hodges-1.html
42,Ryan Buchanan," Jackson Prep (Jackson, MS)  ", PRO , 6-4 / 205 ,0.9038, 267 16 5 ,267,16,5,ryan-buchanan,https://www.sports-reference.com/cfb/players/ryan-buchanan-1.html
36,Danny Etling," Terre Haute South Vigo (Terre Haute, IN)  ", PRO , 6-2.5 / 210 ,0.8996, 286 17 5 ,286,17,5,danny-etling,https://www.sports-reference.com/cfb/players/danny-etling-1.html
24,Johnny Stanton," Santa Margarita Catholic (Rancho Santa Margarita, CA)  ", DUAL , 6-2 / 215 ,0.8988, 290 11 36 ,290,11,36,johnny-stanton,https://www.sports-reference.com/cfb/players/johnny-stanton-1.html
34,Tyler Bruggman," Brophy College Preparatory (Phoenix, AZ)  ", PRO , 6-2 / 202 ,0.8959, 299 18 5 ,299,18,5,tyler-bruggman,https://www.sports-reference.com/cfb/players/tyler-bruggman-1.html
39,Chris Johnson," Bryan (Bryan, TX)  ", DUAL , 6-5 / 222 ,0.8939, 311 12 42 ,311,12,42,chris-johnson,https://www.sports-reference.com/cfb/players/chris-johnson-1.html
33,TraVon Chapman," Theodore Roosevelt (Kent, OH)  ", DUAL , 6-1 / 195 ,0.893, 319 13 19 ,319,13,19,travon-chapman,https://www.sports-reference.com/cfb/players/travon-chapman-1.html
29,Kyle Bolin," Lexington Catholic (Lexington, KY)  ", PRO , 6-3 / 195 ,0.8919, 322 19 4 ,322,19,4,kyle-bolin,https://www.sports-reference.com/cfb/players/kyle-bolin-1.html
40,DeVante Kincade," Skyline (Dallas, TX)  ", DUAL , 6-0 / 180 ,0.8918, 323 14 45 ,323,14,45,devante-kincade,https://www.sports-reference.com/cfb/players/devante-kincade-1.html
28,Austin Allen," Fayetteville (Fayetteville, AR)  ", PRO , 6-2 / 217 ,0.8913, 329 20 3 ,329,20,3,austin-allen,https://www.sports-reference.com/cfb/players/austin-allen-1.html
20,Connor Mitch," Wakefield (Raleigh, NC)  ", PRO , 6-3 / 220 ,0.8903, 335 21 9 ,335,21,9,connor-mitch,https://www.sports-reference.com/cfb/players/connor-mitch-1.html
82,Anu Solomon," Bishop Gorman (Las Vegas, NV)  ", DUAL , 6-0 / 195 ,0.8882, 343 15 1 ,343,15,1,anu-solomon,https://www.sports-reference.com/cfb/players/anu-solomon-1.html
37,Trent Hosick," Staley (Kansas City, MO)  ", DUAL , 6-2 / 220 ,0.8841, 358 16 4 ,358,16,4,trent-hosick,https://www.sports-reference.com/cfb/players/trent-hosick-1.html
41,Johnny McCrary," Cedar Grove (Ellenwood, GA)  ", DUAL , 6-4 / 200 ,0.8838, 359 17 29 ,359,17,29,johnny-mccrary,https://www.sports-reference.com/cfb/players/johnny-mccrary-1.html
44,Zack Greenlee," Lincoln (Stockton, CA)  ", PRO , 6-2 / 185 ,0.8801, 378 22 45 ,378,22,45,zack-greenlee,https://www.sports-reference.com/cfb/players/zack-greenlee-1.html
50,Riley Ferguson," Butler (Matthews, NC)  ", PRO , 6-3 / 190 ,0.8776, 402 23 12 ,402,23,12,riley-ferguson,https://www.sports-reference.com/cfb/players/riley-ferguson-1.html
26,Sefo Liufau," Bellarmine Prep (Tacoma, WA)  ", DUAL , 6-4 / 220 ,0.8746, 431 18 4 ,431,18,4,sefo-liufau,https://www.sports-reference.com/cfb/players/sefo-liufau-1.html
49,Corwin Cutler," Ocean Lakes (Virginia Beach, VA)  ", PRO , 6-4 / 180 ,0.8721, 456 24 16 ,456,24,16,corwin-cutler,https://www.sports-reference.com/cfb/players/corwin-cutler-1.html
45,Carlis Parker," Statesville (Statesville, NC)  ", DUAL , 6-4 / 190 ,0.8712, 467 19 16 ,467,19,16,carlis-parker,https://www.sports-reference.com/cfb/players/carlis-parker-1.html
48,Davis Webb," Prosper (Prosper, TX)  ", PRO , 6-4 / 195 ,0.8671, 511 25 71 ,511,25,71,davis-webb,https://www.sports-reference.com/cfb/players/davis-webb-1.html
72,Brogan Roback," St. John's Jesuit (Toledo, OH)  ", PRO , 6-4 / 185 ,0.8662, 529 26 29 ,529,26,29,brogan-roback,https://www.sports-reference.com/cfb/players/brogan-roback-1.html
31,Shane Cockerille," Gilman (Baltimore, MD)  ", DUAL , 6-1.5 / 205 ,0.8659, 534 20 12 ,534,20,12,shane-cockerille,https://www.sports-reference.com/cfb/players/shane-cockerille-1.html
51,Chad Kanoff," Harvard Westlake (Studio City, CA)  ", PRO , 6-4 / 190 ,0.8647, 553 27 60 ,553,27,60,chad-kanoff,https://www.sports-reference.com/cfb/players/chad-kanoff-1.html
35,Chris Laviano," Holy Trinity Diocesan (Hicksville, NY)  ", PRO , 6-2 / 200 ,0.8627, 577 28 3 ,577,28,3,chris-laviano,https://www.sports-reference.com/cfb/players/chris-laviano-1.html
2,Jameis Winston," Hueytown  (Hueytown, AL)  ", DUAL , 6-4 / 190 ,0.9915, 16 1 1 ,16,1,1,jameis-winston,https://www.sports-reference.com/cfb/players/jameis-winston-1.html
1,Gunner Kiel," Columbus East (Columbus, IN)  ", PRO , 6-4 / 210 ,0.9878, 26 1 1 ,26,1,1,gunner-kiel,https://www.sports-reference.com/cfb/players/gunner-kiel-1.html
3,Zach Kline," San Ramon Valley (Danville, CA)  ", PRO , 6-2 / 190 ,0.9771, 49 2 6 ,49,2,6,zach-kline,https://www.sports-reference.com/cfb/players/zach-kline-1.html
4,Cyler Miles," Mullen (Denver, CO)  ", DUAL , 6-4 / 215 ,0.9536, 102 2 1 ,102,2,1,cyler-miles,https://www.sports-reference.com/cfb/players/cyler-miles-1.html
6,Anthony Alford," Petal (Petal, MS)  ", DUAL , 6-0 / 200 ,0.9498, 114 3 2 ,114,3,2,anthony-alford,https://www.sports-reference.com/cfb/players/anthony-alford-1.html
7,Tanner Mangum," Eagle (Eagle, ID)  ", PRO , 6-3 / 190 ,0.9475, 123 3 1 ,123,3,1,tanner-mangum,https://www.sports-reference.com/cfb/players/tanner-mangum-1.html
10,Matt Davis," Klein Forest (Houston, TX)  ", DUAL , 6-2 / 211 ,0.947, 124 4 18 ,124,4,18,matt-davis,https://www.sports-reference.com/cfb/players/matt-davis-1.html
9,Connor Brewer," Chaparral (Paradise Valley, AZ)  ", PRO , 6-2 / 195 ,0.9289, 175 4 4 ,175,4,4,connor-brewer,https://www.sports-reference.com/cfb/players/connor-brewer-1.html
8,Chad Kelly," St. Joseph School (Buffalo, NY)  ", DUAL , 6-3 / 205 ,0.9264, 187 5 2 ,187,5,2,chad-kelly,https://www.sports-reference.com/cfb/players/chad-kelly-1.html
40,Chad Voytik," Cleveland (Cleveland, TN)  ", PRO , 6-1 / 205 ,0.9203, 211 5 2 ,211,5,2,chad-voytik,https://www.sports-reference.com/cfb/players/chad-voytik-1.html
12,Bart Houston," De La Salle (Concord, CA)  ", PRO , 6-3 / 200 ,0.9203, 212 6 25 ,212,6,25,bart-houston,https://www.sports-reference.com/cfb/players/bart-houston-1.html
22,Jake Rodrigues," Whitney (Rocklin, CA)  ", PRO , 6-3 / 215 ,0.9176, 227 7 27 ,227,7,27,jake-rodrigues,https://www.sports-reference.com/cfb/players/jake-rodrigues-1.html
14,Greyson Lambert," Wayne County (Jesup, GA)  ", PRO , 6-5 / 208 ,0.9143, 242 8 19 ,242,8,19,greyson-lambert,https://www.sports-reference.com/cfb/players/greyson-lambert-1.html
47,Jeff Lindquist," Mercer Island (Mercer Island, WA)  ", PRO , 6-3 / 225 ,0.9078, 273 9 4 ,273,9,4,jeff-lindquist,https://www.sports-reference.com/cfb/players/jeff-lindquist-1.html
5,Travis Wilson," San Clemente (San Clemente, CA)  ", PRO , 6-6 / 210 ,0.9043, 287 10 33 ,287,10,33,travis-wilson,https://www.sports-reference.com/cfb/players/travis-wilson-1.html
13,Trevor Knight," Reagan (San Antonio, TX)  ", PRO , 6-3 / 195 ,0.9037, 290 11 43 ,290,11,43,trevor-knight,https://www.sports-reference.com/cfb/players/trevor-knight-1.html
45,Tommy Armstrong," Steele (Schertz, TX)  ", DUAL , 6-1 / 200 ,0.9036, 291 6 44 ,291,6,44,tommy-armstrong,https://www.sports-reference.com/cfb/players/tommy-armstrong-1.html
19,Zeke Pike," Dixie Heights (Ft Mitchell, KY)  ", PRO , 6-5 / 229 ,0.9013, 302 12 1 ,302,12,1,zeke-pike,https://www.sports-reference.com/cfb/players/zeke-pike-1.html
35,Maty Mauk," Kenton (Kenton, OH)  ", DUAL , 6-2 / 200 ,0.8991, 317 7 19 ,317,7,19,maty-mauk,https://www.sports-reference.com/cfb/players/maty-mauk-1.html
21,Jalen Overstreet," Tatum (Tatum, TX)  ", DUAL , 6-2 / 212 ,0.8989, 320 8 51 ,320,8,51,jalen-overstreet,https://www.sports-reference.com/cfb/players/jalen-overstreet-1.html
23,Tyler Matthews," Mcpherson (Mcpherson, KS)  ", PRO , 6-3 / 205 ,0.8986, 321 13 1 ,321,13,1,tyler-matthews,https://www.sports-reference.com/cfb/players/tyler-matthews-1.html
11,Ford Childress," The Kinkaid School (Houston, TX)  ", PRO , 6-4 / 210 ,0.8967, 329 14 53 ,329,14,53,ford-childress,https://www.sports-reference.com/cfb/players/ford-childress-1.html
15,Patrick Towles," Highlands (Fort Thomas, KY)  ", PRO , 6-5 / 230 ,0.8932, 354 15 2 ,354,15,2,patrick-towles,https://www.sports-reference.com/cfb/players/patrick-towles-1.html
17,Wes Lunt," Rochester (Rochester, IL)  ", PRO , 6-5 / 195 ,0.8924, 360 16 9 ,360,16,9,wes-lunt,https://www.sports-reference.com/cfb/players/wes-lunt-1.html
41,Robert Gregory," Simeon (Chicago, IL)  ", DUAL , 6-3 / 185 ,0.8915, 366 9 10 ,366,9,10,robert-gregory,https://www.sports-reference.com/cfb/players/robert-gregory-1.html
20,Nathan Peterman," Bartram Trail (Jacksonville, FL)  ", PRO , 6-2 / 210 ,0.8913, 369 17 44 ,369,17,44,nathan-peterman,https://www.sports-reference.com/cfb/players/nathan-peterman-1.html
16,Bennie Coney," Plant City (Plant City, FL)  ", PRO , 6-3 / 205 ,0.8876, 398 18 49 ,398,18,49,bennie-coney,https://www.sports-reference.com/cfb/players/bennie-coney-1.html
18,Tyler O'Connor," Lima Central Catholic (Lima, OH)  ", PRO , 6-2.5 / 205 ,0.8855, 414 19 23 ,414,19,23,tyler-o'connor,https://www.sports-reference.com/cfb/players/tyler-o'connor-1.html
27,T.J. Millweard," All Saints Episcopal (Fort Worth, TX)  ", PRO , 6-4 / 230 ,0.8847, 421 20 63 ,421,20,63,tj-millweard,https://www.sports-reference.com/cfb/players/tj-millweard-1.html
25,Faton Bauta," Dwyer (Palm Beach Gardens, FL)  ", DUAL , 6-2 / 222 ,0.8829, 442 10 58 ,442,10,58,faton-bauta,https://www.sports-reference.com/cfb/players/faton-bauta-1.html
29,Shane Dillon," Christian (El Cajon, CA)  ", PRO , 6-5 / 187 ,0.881, 464 21 49 ,464,21,49,shane-dillon,https://www.sports-reference.com/cfb/players/shane-dillon-1.html
37,Clayton Nicholas," Cooper (Abilene, TX)  ", PRO , 6-3 / 200 ,0.8809, 468 22 73 ,468,22,73,clayton-nicholas,https://www.sports-reference.com/cfb/players/clayton-nicholas-1.html
28,Nate Sudfeld," Modesto Christian (Modesto, CA)  ", PRO , 6-5 / 215 ,0.8786, 501 23 54 ,501,23,54,nate-sudfeld,https://www.sports-reference.com/cfb/players/nate-sudfeld-1.html
26,Brendan Nosovitch," Central Catholic (Allentown, PA)  ", DUAL , 6-2 / 200 ,0.8763, 539 11 17 ,539,11,17,brendan-nosovitch,https://www.sports-reference.com/cfb/players/brendan-nosovitch-1.html
50,Tyler Cameron," Jupiter (Jupiter, FL)  ", DUAL , 6-3 / 215 ,0.8748, 562 12 69 ,562,12,69,tyler-cameron,https://www.sports-reference.com/cfb/players/tyler-cameron-1.html
32,Patton Robinette," Maryville (Maryville, TN)  ", DUAL , 6-5 / 200 ,0.8746, 563 13 13 ,563,13,13,patton-robinette,https://www.sports-reference.com/cfb/players/patton-robinette-1.html
53,Casey Cochran," Masuk (Monroe, CT)  ", PRO , 6-1 / 200 ,0.8744, 567 24 1 ,567,24,1,casey-cochran,https://www.sports-reference.com/cfb/players/casey-cochran-1.html
36,Alec Morris," Allen (Allen, TX)  ", PRO , 6-4 / 235 ,0.8734, 578 25 91 ,578,25,91,alec-morris,https://www.sports-reference.com/cfb/players/alec-morris-1.html
24,Sean Maguire," Seton Hall Preparatory School (West Orange, NJ)  ", PRO , 6-3 / 200 ,0.8731, 583 26 13 ,583,26,13,sean-maguire,https://www.sports-reference.com/cfb/players/sean-maguire-1.html
56,Will Gross," Melrose (Memphis, TN)  ", DUAL , 6-2 / 180 ,0.8724, 590 14 14 ,590,14,14,will-gross,https://www.sports-reference.com/cfb/players/will-gross-1.html
33,Brent Vanderveen," Arroyo Grande (Arroyo Grande, CA)  ", PRO , 6-5 / 210 ,0.8708, 620 27 66 ,620,27,66,brent-vanderveen,https://www.sports-reference.com/cfb/players/brent-vanderveen-1.html
88,Dennis Andrews," Amos P. Godby (Tallahassee, FL)  ", DUAL , 6-0 / 185 ,0.8707, 623 15 75 ,623,15,75,dennis-andrews,https://www.sports-reference.com/cfb/players/dennis-andrews-1.html
42,Bilal Marshall," Dade Christian School (Hialeah, FL)  ", DUAL , 6-2 / 170 ,0.868, 654 16 79 ,654,16,79,bilal-marshall,https://www.sports-reference.com/cfb/players/bilal-marshall-1.html
61,Preston Dewey," St Andrew's Episcopal School (Austin, TX)  ", PRO , 6-3 / 205 ,0.8679, 657 28 110 ,657,28,110,preston-dewey,https://www.sports-reference.com/cfb/players/preston-dewey-1.html
48,Jonathan Wallace," Central (Phenix City, AL)  ", DUAL , 6-1 / 205 ,0.8669, 669 17 22 ,669,17,22,jonathan-wallace,https://www.sports-reference.com/cfb/players/jonathan-wallace-1.html
49,Trenton Norvell," Seabreeze (Daytona Beach, FL)  ", PRO , 6-5 / 197 ,0.8659, 679 29 85 ,679,29,85,trenton-norvell,https://www.sports-reference.com/cfb/players/trenton-norvell-1.html
54,Grant Rohach," Moorpark (Moorpark, CA)  ", PRO , 6-2 / 210 ,0.8659, 680 30 71 ,680,30,71,grant-rohach,https://www.sports-reference.com/cfb/players/grant-rohach-1.html
39,Jalen Whitlow," Prattville (Montgomery, AL)  ", DUAL , 6-2 / 210 ,0.8657, 683 18 23 ,683,18,23,jalen-whitlow,https://www.sports-reference.com/cfb/players/jalen-whitlow-1.html
51,Gray Crow," Countryside (Clearwater, FL)  ", PRO , 6-2 / 220 ,0.8654, 686 31 86 ,686,31,86,gray-crow,https://www.sports-reference.com/cfb/players/gray-crow-1.html
